Phi,Theta,Tipo,PhiNorm,ThetaNorm
1.179471349447505,0.8502180886716469,0.0,0.24913342912584727,0.10586593816625471
1.997779576108701,1.305600793047872,0.0,0.7714811966976775,0.8527290009006996
1.8095280426260731,0.9394326678585068,0.0,0.6513152677080171,0.25218478868854854
1.8033585969329726,1.388770050387802,0.0,0.6473771474741593,0.9891330532841445
1.6315551540361035,0.9895142268811226,0.0,0.5377104694004344,0.33432244169709247
1.455502860632377,0.9560991616527029,0.0,0.4253316377582935,0.27951913511970794
2.271495882734582,0.9804010646024088,0.0,0.9462015490732032,0.3193761465803307
2.3111281031777207,1.2770013486651375,0.0,0.9714998427942062,0.8058236871526713
0.9770735359679017,1.3838014013930313,0.0,0.11993755575200835,0.980984082385107
2.158840768010451,0.8023031107275647,0.0,0.8742908120618031,0.027281646680723692
1.7758070252523845,0.7982508423776284,0.0,0.6297902511292824,0.020635611331179953
1.4505399110428412,0.9451425224760318,0.0,0.4221636558729802,0.26154939447271985
1.3589307561913158,1.2531439776286957,1.0,0.36368711125717185,0.7666957426131965
0.8524248782879255,1.3591693092878327,0.0,0.040371023302960475,0.9405855350216423
1.06043300577219,1.2599194086902024,0.0,0.17314810837702718,0.7778079766644974
1.5915431269331113,1.0021543215316013,0.0,0.5121697350508031,0.3550531802894621
1.447586121062123,1.2439092647322334,1.0,0.4202781736646448,0.7515500950270139
1.963623838122723,0.9199636121099886,0.0,0.7496786864631926,0.22025402262047056
2.3274618199430033,1.297743379857362,0.0,0.9819260858778266,0.8398422319825154
2.124933613485242,0.9564534972054917,0.0,0.852646979219965,0.2801002729926405
1.4873181229139032,1.1986821727323702,1.0,0.44564016049583666,0.6773741456003455
1.8080968657020369,1.05560472681343,0.0,0.6504017096538338,0.4427160032503513
1.7350157635976804,0.8042454234469714,0.0,0.6037521107714501,0.03046719064728962
1.385292090381426,0.9235798088679197,0.0,0.3805142475559252,0.22618486663392146
1.342913146679895,0.8924966558107227,0.0,0.3534626477878683,0.17520607743387712
1.4481728762863266,0.8287971191233126,0.0,0.4206527150311961,0.07073388161280085
1.881402534907869,1.1235803246000247,0.0,0.6971946556520158,0.5542012719402163
1.4324817905658165,1.1539120405487748,1.0,0.410636680327099,0.6039476458226088
1.2387987648814798,1.3951672906736836,0.0,0.28700368631999107,0.9996250250411886
0.8140913752400456,1.2818470858408093,0.0,0.015901735218241893,0.8137710731061756
1.4199049114403652,1.2810891360498662,1.0,0.40260852599580915,0.8125279764825607
0.8006503506812386,0.833682317056789,0.0,0.007321974018947666,0.07874598627904619
1.4232494927473094,0.9842600993392712,0.0,0.40474346063562433,0.32570526377137454
1.981938188850571,1.364686234908529,0.0,0.7613692205499037,0.9496337222416539
0.817768360512435,1.0149091529759735,0.0,0.018248852094071972,0.3759720961500328
1.8016642397774763,1.3623133145620119,0.0,0.6462955945228295,0.9457419482665044
0.8756335315410274,1.1014265449760372,0.0,0.05518572003962885,0.5178673498520259
1.5280234786078575,1.2132991718961208,1.0,0.471623464808574,0.701347161392369
0.8483446955043051,1.090707105432071,0.0,0.037766534799887536,0.5002866350561713
2.2215386187051496,1.0652241662203872,0.0,0.9143125071577359,0.45849263224443987
0.921492910354095,0.8886439851785699,0.0,0.08445897352135712,0.16888739786966728
2.0792410849710605,1.3837421953759468,0.0,0.8234802306935852,0.9808869799110185
1.0906929990626102,1.395395923095525,0.0,0.19246386181443434,1.0
1.2236040876302936,1.1462355071801862,0.0,0.27730452226109464,0.5913575338843422
2.2601680280269028,1.1363427159646569,0.0,0.9389706800373672,0.575132586658155
1.9892913044634084,1.3175285919254875,0.0,0.7660629085759115,0.8722915190108661
0.872127891822964,1.0863044853695059,0.0,0.05294797755949647,0.49306599564148923
1.342114869198121,1.136590592072755,0.0,0.35295308617413657,0.5755391227595348
1.2770358868817608,1.0497600126911935,0.0,0.31141145183484026,0.43313021738674395
2.092492158281682,1.2436121258890176,0.0,0.8319387409910743,0.751062764207532
0.9713339736261392,1.3700102472728588,0.0,0.11627384142239514,0.958365516713089
1.1462550906002575,1.2194462234969723,0.0,0.22793061325444894,0.7114288042419525
1.637030816430954,1.345330300437201,1.0,0.5412057294195072,0.9178884838687011
2.0217749023105602,1.1296273769423972,0.0,0.7867980475679652,0.5641189082262194
1.861922666100479,0.8275950073942844,0.0,0.6847601405724736,0.06876232485611464
1.5633482290859928,1.3647311147301338,0.0,0.49417218661181395,0.949707328640616
1.4267632176315517,0.8430292148092866,0.0,0.4069863640910059,0.09407562575680882
1.0241267375924414,1.2667509464651105,0.0,0.1499728578850048,0.7890122300907291
1.7346536201353788,0.8936698543072724,0.0,0.6035209450286275,0.17713021423992648
0.9034249564343646,1.1536175802539306,0.0,0.07292572102911574,0.6034647080308403
1.2892497301342283,0.8134298082136149,0.0,0.3192078707739842,0.045530296185175484
1.6279496082801364,1.1809600608242588,1.0,0.5354089542559615,0.6483085033380969
1.1197319124199556,0.9470951527922838,0.0,0.21100016765949503,0.2647518601007936
1.5857218027690299,1.3328794883297257,1.0,0.5084538299891779,0.8974681833725331
1.0533316310211722,0.9809881418768663,0.0,0.16861511319620162,0.32033899898348406
1.2324262486383206,1.3900438257123202,0.0,0.28293594078722184,0.9912221439126706
2.101100733541915,1.324731051581708,0.0,0.8374338220896768,0.8841041131791808
1.4695250293771913,1.1838829428195088,1.0,0.4342823586501682,0.653102257202715
1.6531946089097485,1.3130411056737585,1.0,0.5515235053402524,0.8649316924435925
1.9918812530582588,1.1937661178269021,0.0,0.7677161412119387,0.6693114330994439
1.3330275901242272,0.8501881319419539,0.0,0.3471524357799472,0.10581680679900456
1.0369354419308867,1.238567407774123,0.0,0.15814899237649466,0.7427890340335173
0.9454067536837218,1.2932328639381512,0.0,0.0997238117208451,0.8324446349689248
1.2490124506056972,1.1826003687571278,0.0,0.29352335184809303,0.6509987359595757
2.1750198861050687,0.9820745347021494,0.0,0.8846183707281584,0.3221207677354069
1.2007387153039122,0.8426167001330369,0.0,0.26270895081228274,0.0933990695952199
2.264644555295353,1.1405839098689907,0.0,0.9418281656998172,0.5820884746148142
1.763879813898912,0.8089893712280233,0.0,0.6221767969064603,0.0382476340746744
2.1006084254625166,0.9065491425209242,0.0,0.8371195688317319,0.19825324888451984
2.080472569482146,1.3596038584172958,0.0,0.8242663198030513,0.9412982294007227
1.6654494971003828,1.001633699082864,0.0,0.5593461243481762,0.3541993189704977
1.1149295876354905,0.8477557665070298,0.0,0.2079347168322986,0.10182753825419846
0.9456574437130105,0.9373946272470401,0.0,0.09988383379185097,0.2488422435316302
1.4862854828953913,0.9976194062747429,0.0,0.44498099908110195,0.34761556646392633
1.1226231727872986,1.2540981681515029,0.0,0.21284573556306177,0.768260689304073
2.2553373870151816,1.1946568596119194,0.0,0.9358871542139634,0.6707723189242026
1.4624483188964603,1.1602119575253962,1.0,0.4297651073249014,0.6142799997809728
1.814925767936601,1.0031015664523537,0.0,0.6547607784264222,0.3566067356526194
1.9422123580335093,0.994907352247519,0.0,0.7360111728532627,0.3431675868687236
0.8872822698441372,1.339395858301232,0.0,0.06262141755483554,0.9081555370819728
1.8641359680608043,1.3091737756711173,1.0,0.6861729497075536,0.8585889703713216
1.9837966092020378,1.1002160274148092,0.0,0.7625554993751326,0.5158820068765806
1.5880824974416181,0.8599283266392143,0.0,0.5099607237878342,0.12179148386362935
1.233645845969868,0.8549736284242404,0.0,0.28371444199583074,0.11366539332879205
1.2305506886669064,0.8781279234078834,0.0,0.2817387212896096,0.1516402384442387
1.4671268555989194,1.2396574523650514,1.0,0.432751540947845,0.7445767919651958
1.9687535782617949,0.9757953544675135,0.0,0.7529531351642653,0.31182242364716223
1.9229819698726078,1.3251355140511714,0.0,0.7237359078637228,0.8847674630952002
1.871334384455882,1.008251649092274,0.0,0.6907678891344282,0.3650532718447549
2.1730123632516913,1.1292836433662077,0.0,0.8833369158354346,0.5635551584197149
1.8426598496113449,1.0455028915269071,0.0,0.6724641757239971,0.42614820748466453
1.1622161507378475,1.0884566559858033,0.0,0.2381189797639325,0.4965957228853396
1.0836971925319991,1.1382050721587946,0.0,0.18799825361868283,0.5781869957028759
1.0950327575003813,1.270747581504741,0.0,0.19523404431769456,0.7955670224832487
1.2303265888622184,1.2687427097742838,0.0,0.28159567246170064,0.792278876871636
2.2314033072159223,1.2129928993072072,0.0,0.9206093985410936,0.7008448505193617
1.4395369591506717,1.2637910083009705,1.0,0.41514018089091265,0.7841577012262604
2.2942493167682105,0.8978233139663637,0.0,0.9607256673514122,0.18394221120889798
1.7954639380278523,1.0785271977888704,0.0,0.6423377780526197,0.48031063895705733
2.1943363641891036,1.2647901315172474,0.0,0.8969485891908445,0.7857963410300707
1.5295202571043531,1.3898287836208942,0.0,0.47257889808019593,0.990869458153032
1.0183804953171218,0.8633737226801047,0.0,0.14630487957726282,0.12744220141329418
1.4321087732450555,1.2744491010855197,1.0,0.4103985735130442,0.801637802564057
2.273876275280717,1.201240494319881,0.0,0.9477210165451255,0.6815699920344457
1.8421152798099654,0.9776957585294127,0.0,0.6721165624277233,0.3149392341550342
1.2604636601770554,1.2479323718196726,1.0,0.30083296155347444,0.7581483036373943
1.7900533760971025,0.8502598359618678,0.0,0.6388840733802769,0.10593440697004458
1.076841215078431,1.270330422578752,0.0,0.1836219020182524,0.7948828493907769
1.9774899630237934,1.3195012701190207,0.0,0.7585298004456323,0.8755268647173522
2.254694099002519,0.8151816203842697,0.0,0.9354765264744732,0.04840340443135467
1.0002677063403347,1.052560439221288,0.0,0.13474300768318784,0.4377231347617991
2.3056270060505963,1.3025066055950416,0.0,0.9679883471133265,0.847654292758543
1.489119492689029,1.2653294575962852,1.0,0.44679002243043736,0.7866808777578204
1.7748981013508436,1.2189477497453014,1.0,0.6292100609816167,0.7106112685092866
1.7037793180738032,1.2768066377632532,1.0,0.5838130620674563,0.8055043461255933
0.9154482450402818,1.3709959355963957,0.0,0.08060050390133157,0.9599821222476068
1.7303949300306734,1.139763700557241,1.0,0.6008025105848611,0.5807432675334521
2.1399331370836703,0.8918986928674185,0.0,0.8622215715447271,0.1742253716869393
2.2113142248816287,1.0026906363272352,0.0,0.9077860063668517,0.3559327782781595
2.0187728585702507,1.196703405257583,0.0,0.7848817637096178,0.6741288129988728
1.2531986194669145,0.7942640095171295,0.0,0.2961954940655278,0.014096895275019545
1.163003829526844,0.8728468340782641,0.0,0.23862177595195902,0.1429788410890265
1.0097907816183407,1.140574053639489,0.0,0.1408218383118141,0.5820723096316431
1.862530705018896,1.0567025613428167,0.0,0.6851482678835329,0.4445165372871379
0.90939445624214,1.3294670215407147,0.0,0.07673621052014093,0.8918714723577584
1.8843004055994108,1.340215274570534,0.0,0.6990444431002183,0.9094994435120242
2.201495202838074,0.8675371278148057,0.0,0.9015182650964062,0.13427050973599708
0.873072181443751,1.0598041863648195,0.0,0.053550742580412654,0.4496034436213605
1.608835371880926,0.7908126914348954,0.0,0.5232078320056025,0.008436465116832142
2.341304655085092,0.7995363343005109,0.0,0.9907623333915996,0.022743918092543357
1.4363406415046365,0.8996102061687756,0.0,0.41309988686421184,0.18687285343629156
2.2394516541068343,0.9232168656654582,0.0,0.9257468710656759,0.22558961154587345
0.8502993394609435,0.7985934518378957,0.0,0.03901423569532353,0.02119751750011859
1.3286199412015756,1.025870664873132,0.0,0.3443389169859577,0.3939498284377047
1.3361637884464044,0.8687534691813558,0.0,0.34915435405337797,0.1362654042052469
0.8360367204704262,0.7948550600500475,0.0,0.029910029056925847,0.015066264131156953
0.8375087647684029,0.8502889432903876,0.0,0.030849673835950293,0.10598214525328942
1.588369404985955,1.2862954092861054,1.0,0.5101438644558626,0.8210666696241375
2.0444375908617864,1.0649312270296116,0.0,0.8012642406065082,0.45801218918168174
1.1266371540114506,0.8954393706226244,0.0,0.2154079658611315,0.18003235866074413
1.3981332636695494,1.0003891971318897,0.0,0.38871110783609364,0.3521582389519738
1.511992702322451,1.1806054583149823,1.0,0.46139059663946,0.6477269276357559
1.7440819770014544,1.2921912876768307,1.0,0.6095393143916721,0.8307363688685097
2.0394286892342572,0.8287445574008735,0.0,0.7980669263209095,0.07064767629883925
2.1788566237595735,0.8352433438634878,0.0,0.8870674617714763,0.08130619168574607
1.8874377461062413,0.8104413898395249,0.0,0.7010470904602992,0.04062905756070458
2.2167469740493555,0.9757186729813963,0.0,0.9112538737389277,0.3116966600443152
1.7405757196817362,0.9471414215874371,0.0,0.6073011776800813,0.26482774452443353
1.0206977723376744,0.9747361633455512,0.0,0.1477840587411701,0.31008526780490536
2.3553909140263296,1.144151138777294,0.0,0.999753964749646,0.5879390075453076
0.9686211060557771,0.9208046908434212,0.0,0.11454214635575939,0.22163345717697785
1.474861737334117,1.2901836860199658,1.0,0.4376889203791842,0.8274437459652074
2.257806045037267,0.8292913741771066,0.0,0.9374629638718912,0.07154449835274547
1.4841048857385548,0.7856687494032559,0.0,0.4435890662864209,0.0
1.88732683793163,1.0098844114077694,0.0,0.7009762948413305,0.36773112906671224
2.153979830726451,0.9677322310576075,0.0,0.8711879473271249,0.29859827396546296
1.4243529018954124,0.8096458221392127,0.0,0.40544779585608476,0.03932426463915157
0.8080711539983376,1.2427366679699188,0.0,0.012058868895456341,0.7496269451119234
1.150791671446992,1.1463106186297738,0.0,0.23082643270303177,0.591480722505136
2.2316504684559826,1.140803293385064,0.0,0.9207671680926751,0.5824482806486256
1.9066254020345257,1.3129865892209942,0.0,0.7132950783364196,0.8648422812198246
2.2568392043294887,0.8817444220563558,0.0,0.9368458038961618,0.15757157758166368
0.9793687726980053,1.3025380872815426,0.0,0.12140266601603464,0.8477059251735957
0.9034439102346677,0.796018186564046,0.0,0.07293781974076592,0.016973882102248983
1.567279400544257,1.0913957376116388,0.0,0.4966815572477963,0.5014160454044058
1.9461607005091894,0.8882411951259491,0.0,0.7385315042034624,0.16822679084737951
2.2591786465537815,0.9020150633813645,0.0,0.9383391316954051,0.19081700635640172
1.4026922224215572,1.006467707488407,0.0,0.3916212116930225,0.3621274688285237
1.1662957440221258,0.8990864052613452,0.0,0.240723091973996,0.18601377919779488
2.1161740501908692,0.8251201696111838,0.0,0.8470555184688143,0.06470339835606399
1.4208117140867698,1.368669036307149,0.0,0.40318736209026007,0.956165826386696
2.069258830938261,0.9753617400129551,0.0,0.817108294130461,0.3111112622076405
1.8399987870869754,1.1665922868605287,0.0,0.6707655491873376,0.6247442362631617
1.5495322291274887,1.0649141584114226,0.0,0.48535306870493133,0.4579841953199588
2.1158659680549343,1.1250706440493174,0.0,0.8468588614993605,0.5566455117799268
1.8655160078778417,1.2244767599940745,1.0,0.6870538655948727,0.7196792754594961
1.7417734283504969,0.8869808049613558,0.0,0.6080657067767533,0.16615965292245988
1.8181131321812287,0.8657668278397315,0.0,0.6567953572603812,0.13136708005226816
1.7669460346422685,1.1972848719101092,1.0,0.6241340466419415,0.6750824635455677
1.2224080198944018,1.040812811583688,0.0,0.2765410406152399,0.4184561115020995
1.7681420831658903,1.2089226942588844,1.0,0.6248975160240965,0.6941693975890368
1.6283039437121685,1.0960226258105892,0.0,0.5356351359267102,0.5090045020102214
2.1455409623858603,1.273485915400932,0.0,0.8658011946403954,0.8000581031080608
2.19401814000381,1.1979423346340234,0.0,0.8967454582832479,0.67616075356163
1.7030396558356828,1.0642065038252537,0.0,0.5833409161128498,0.4568235867450062
2.299763847170132,1.127441157499522,0.0,0.9642457378466135,0.5605333382578738
2.113373408123393,0.8170918922428674,0.0,0.84526779462094,0.05153639889350051
1.2441300995903162,1.2498751108190225,1.0,0.29040681816274583,0.7613345467362304
1.667475072740685,1.2849895711788915,1.0,0.5606391028118985,0.8189249935375916
0.8039597895032891,1.3737446938374769,0.0,0.00943447628189918,0.9644902996090254
1.4540641755808985,1.3940479190592496,0.0,0.424413287067937,0.9977891685093967
1.8743379101377327,1.1747089479554003,0.0,0.6926851189552264,0.6380561919132932
2.151277299389394,1.1132634643439117,0.0,0.869462850151377,0.5372808184960338
1.0955544579436935,1.2412213725449894,0.0,0.19556705949831577,0.7471417427291047
1.1390520141561695,1.114507462430399,0.0,0.223332699195134,0.5393210721375997
1.3489540136930203,1.2141901061568843,1.0,0.35731869285218215,0.7028083628923256
0.7891797712185237,1.2710183104447061,0.0,0.0,0.7960110390067794
1.489931990545343,0.9946034410488993,0.0,0.44730866128505836,0.34266914885950817
2.0167585805111203,1.1405401883676887,0.0,0.7835959967905334,0.5820167679512628
1.841691675538691,1.281368429921978,1.0,0.6718461646262288,0.8129860401611411
1.3909148928482866,0.8343733525224247,0.0,0.3841034309716237,0.07987933820340135
0.8867643410434063,0.8685513641255346,0.0,0.06229080991335214,0.1359339361904669
1.7004777985760402,0.8610880331583398,0.0,0.5817056149184917,0.12369349277706326
2.1495915436558484,0.9302329259279234,0.0,0.8683867877149992,0.237096496207055
2.1433283602371604,1.0547959874243729,0.0,0.8643888322135705,0.4413896077345343
1.9510519336833931,0.923096935320288,0.0,0.7416537076055264,0.22539291644953396
1.9419984227562836,1.0742884015474123,0.0,0.7358746123118644,0.4733586833540463
2.0511280596648143,1.0269589446581466,0.0,0.8055349436611868,0.39573469195038774
1.8047310073814804,1.2422220513679982,1.0,0.6482531933339145,0.7487829338489774
2.007513962405958,1.2960770013886624,0.0,0.7776949127344824,0.8371092416540563
1.0491636662700303,0.9308197280122654,0.0,0.16595459114333164,0.23805889727700993
1.9827150472331119,1.0697028680539233,0.0,0.7618651097865249,0.4658380516824729
1.0426018754635842,0.8529229090780487,0.0,0.16176602665461165,0.11030205406055284
2.0072050628822,1.3786517846320945,0.0,0.7774977340047788,0.9725383102707484
0.8422897735561344,1.1121099860873378,0.0,0.0339015180990862,0.5353890244177268
1.812374015911193,0.9869524981385704,0.0,0.6531319276701403,0.3301210072636568
1.0413318416069302,0.9819999140386153,0.0,0.16095533047907565,0.3219983840419227
1.3331986965272022,1.1222811395237733,0.0,0.3472616575190172,0.552070507342037
2.2279189682236877,1.324056177652268,0.0,0.9183852528771997,0.8829972674315111
0.842919862713611,1.0578485405247327,0.0,0.034303720660487744,0.4463960322995979
2.302385232517276,1.116118839197749,0.0,0.9659190373924497,0.54196385539686
2.0859411278888933,1.0941668114024314,0.0,0.8277570451587714,0.5059608220034413
2.34426373935038,1.0527814562385842,0.0,0.9926511950816946,0.4380856198646983
2.019212921940878,1.0543778400305963,0.0,0.7851626677892153,0.440703813477991
1.3484893825147675,1.1755104297577925,1.0,0.35702210649169197,0.6393706844223589
1.0311639018551055,1.2706161172999142,0.0,0.15446486581414023,0.7953514109597688
1.6615263134932134,1.3754282364982173,0.0,0.5568418525686529,0.9672514405477597
1.9139402745028034,1.2932534599074668,0.0,0.7179643547525535,0.8324784139609138
1.8204323859574532,1.0362926473325074,0.0,0.6582757982396761,0.41104269047346403
1.4952449109225867,1.061423367978274,0.0,0.4507000387732981,0.4522590274354284
1.0840094324231475,1.0866142368881346,0.0,0.18819756459317186,0.4935740122298808
1.6254437114956137,1.3243719044629663,1.0,0.5338093741118127,0.8835150839637586
1.4124331593335966,1.3323096652175948,1.0,0.3978391091603645,0.8965336291379231
1.4170951190100318,0.9659111225382527,0.0,0.40081496122949456,0.295611514316345
1.2467465627667491,1.1177511562474367,0.0,0.29207697575693253,0.5446409823482521
1.5792339495868255,0.8819391854073669,0.0,0.504312461840057,0.1578910046293901
1.6398995346263683,1.1288449298826175,1.0,0.5430369080589805,0.5628356341758904
1.524338899983905,0.7944991142604477,0.0,0.46927150089576175,0.014482485344582173
1.2114170235816455,1.125936257278585,0.0,0.26952519719547735,0.5580651848183215
1.015645958559478,1.101595447790035,0.0,0.1445593524957053,0.5181443636071696
1.4619223921592321,0.8240631233861728,0.0,0.42942939438917993,0.06296976031167448
1.2103598636932895,1.2269980333873418,0.0,0.2688503840998028,0.7238143599727866
1.905164055821186,1.293339981112383,0.0,0.7123622624275511,0.8326203154680948
2.1778650053252537,0.8726850791682813,0.0,0.8864344855180623,0.14271355045255493
1.5286139993000392,1.3870835959293906,0.0,0.4720004097728506,0.9863671367706998
1.6981528614595272,0.8748749883328415,0.0,0.5802215461128896,0.14630517185151434
2.1214931718992984,1.0520066936624,0.0,0.8504508544306404,0.43681494896529816
2.108104547776838,0.9204709468768607,0.0,0.8419045418147206,0.22108609110742994
1.8273999203403621,0.8396860281430233,0.0,0.6627233595763646,0.08859253953314868
1.7875417918377212,0.9702461672639439,0.0,0.6372808627706157,0.30272132492137316
1.1456707860222664,1.320958290973135,0.0,0.22755763620014144,0.8779164922704282
1.111479512446989,1.0716042898506437,0.0,0.2057324426598615,0.4689565313546287
0.8727550872658273,1.2222322120568272,0.0,0.05334833298638441,0.7159980422225793
1.7044663638295314,0.8517679208673408,0.0,0.5842516215307879,0.10840778353999564
1.8423118487756067,0.7977029356565826,0.0,0.6722420375934757,0.019737001682986043
1.0401434202245765,0.9784421335112373,0.0,0.1601967297027644,0.3161633471912056
1.8905828619218512,0.8168064269177944,0.0,0.7030547010054623,0.05106821355194136
0.8725606493408264,1.1558047297470746,0.0,0.05322421812019287,0.6070518033539821
1.9619305941386493,1.0466888997099286,0.0,0.7485978440786011,0.42809335317308694
1.8229470995095935,1.0570949750671148,0.0,0.6598810063596076,0.44516012632372587
1.1355588740247695,0.9099971878045084,0.0,0.22110293553151164,0.20390831139830648
1.9669216892610835,1.3867337925231649,0.0,0.7517837920014021,0.9857934319707194
0.974142121185267,1.123577284623507,0.0,0.11806635622394804,0.5541962861422253
0.8485011770800676,0.999002529042388,0.0,0.03786642112523847,0.34988399540611936
2.3430345737771106,1.2173453274626282,0.0,0.9918665862115223,0.7079831713015313
2.305482063442057,1.3345595915313324,0.0,0.9678958264157093,0.9002236833307073
1.9232340822182488,0.9238054411250585,0.0,0.7238968378368457,0.22655492108921568
1.228314269366146,1.2065620212689367,0.0,0.28031115574517756,0.6902977102314727
1.7988430658195298,0.8814758292632192,0.0,0.644494764626645,0.1571310645051181
1.4461057725098003,1.296077182709669,1.0,0.41933322806060397,0.8371095390346135
1.7141653407062214,0.8898918540242888,0.0,0.5904427347986341,0.1709339998575077
0.8184111199407718,0.8853979061076476,0.0,0.018659142424217318,0.16356357565707774
1.7985285457367777,0.9928361046998968,0.0,0.6442939981455938,0.33977057975309916
1.1935240394968218,1.3141689472304812,0.0,0.25810363257301194,0.8667814403396766
1.3604658189949381,1.2437116867429068,1.0,0.36466698241382184,0.7512260517534787
1.9266737663616877,1.0220344675690458,0.0,0.7260924791306017,0.3876581664131051
1.0458015440573027,1.3365297821539266,0.0,0.16380845967977856,0.903454949227327
1.5258407871829944,1.1800255293471704,1.0,0.47023019518726367,0.6467757990116205
1.145842647065408,1.2631103691869972,0.0,0.22766733964597363,0.78304140012744
0.8498416015390943,1.058334441837198,0.0,0.03872204948257279,0.44719294825386474
2.0035297814154194,1.2870043922010217,0.0,0.7751517047130976,0.8222294567615763
1.9780466864239294,0.8148538231020925,0.0,0.7588851717051911,0.04786579138683162
2.111911580452894,1.0829493991298627,0.0,0.8443346713852425,0.4875633931917311
1.0978712558284682,0.8889981980727975,0.0,0.19704593281719324,0.16946833457301702
1.7324675671624399,1.099297861362972,0.0,0.6021255296423402,0.5143761431207026
2.1567842386579845,0.975874625770971,0.0,0.8729780750255525,0.3119524347519279
1.1513735129790268,0.8382492941559996,0.0,0.23119783753001127,0.08623618402036512
1.6452835105882209,1.3892268347380363,0.0,0.5464736422047544,0.9898822151551305
1.7356257417533518,0.9782852071928959,0.0,0.6041414759488999,0.3159059758206775
1.8359967746654497,0.9587711742937586,0.0,0.6682109588922995,0.28390144372648196
0.7982998357323897,1.0114272393096797,0.0,0.005821578206987001,0.37026148685373284
1.1968501498553503,1.367283322579619,0.0,0.2602267767182977,0.953893148068722
1.0091796594323899,1.1435771218761706,0.0,0.1404317428696022,0.5869975751704842
2.0168450943631906,0.9471270950141124,0.0,0.7836512208687237,0.2648042478296119
1.649089754776014,0.925430073630338,0.0,0.5489032684623798,0.22921944478994138
1.7104403086553277,1.1019782998947207,0.0,0.58806494839429,0.518772270843725
1.2110070779990778,1.0503088399862328,0.0,0.2692635180959602,0.4340303368479054
1.5391414502759642,0.9535558221529982,0.0,0.47872035995339923,0.27534786047517584
1.7595476966956454,1.2289761197872908,1.0,0.6194114920051291,0.7270585755585387
2.015304889813596,1.321584471066335,0.0,0.7826680675997322,0.878943476338414
1.2368839449522033,1.377981142611431,0.0,0.28578140615370146,0.9714384051827033
1.9577415942901613,0.7931061758596039,0.0,0.7459238947671731,0.012197958000313132
1.4102657750803012,0.7986610443451149,0.0,0.3964556105112083,0.021308374470474532
2.3270800048734106,1.3024206950397366,0.0,0.981682363228183,0.8475133927642311
1.1632355632731537,1.334961511745134,0.0,0.23876969772655715,0.9008828637496606
1.8347500200782711,0.9417786269486326,0.0,0.6674151224897011,0.25603234410570275
1.3639450383574656,0.9132372083653191,0.0,0.36688786008277063,0.2092221971829769
1.2107314665907833,1.1725790240274403,0.0,0.26908758805010535,0.6345629509690492
1.5843218691046257,1.348082596711683,1.0,0.5075602153333241,0.9224024638801464
0.8027840262967376,1.0103073099860067,0.0,0.008683955553736538,0.36842471563540063
1.0845860487020338,0.8356637936229874,0.0,0.18856563400297202,0.08199576200119313
1.6701158297891259,1.0747034441449907,0.0,0.5623247678266335,0.4740393855032798
1.6796907130154928,1.0013453406058093,0.0,0.5684366688378945,0.353726388634609
1.4935308878865796,1.005135200770718,0.0,0.4496059325707025,0.359942054146052
0.8772219415875834,1.1181472967663415,0.0,0.0561996441513202,0.5452906836179297
0.9623488715249358,1.1893952244293569,0.0,0.1105384132902376,0.6621428278836441
2.074154790730624,1.0096459643809252,0.0,0.8202335146578128,0.3673400573921463
1.596187154799562,0.8100553028818018,0.0,0.5151341407717128,0.039995844913505295
2.144388188791864,1.0490648338998878,0.0,0.8650653487895031,0.43199007008595053
2.232232663807822,1.036926573848063,0.0,0.9211387987721865,0.4120823792767642
1.0931353208404881,1.1509230007541325,0.0,0.19402286035166252,0.5990453880200873
1.2946100922556472,0.9321676316456733,0.0,0.3226295315813355,0.2402695640990994
1.0920875750253056,1.191670384461331,0.0,0.1933540565076925,0.665874267337452
2.348092335714257,1.31032405537508,0.0,0.9950950893240447,0.8604755185745073
1.4015470467083546,1.3181794457128455,1.0,0.3908902157702398,0.8733589698568184
1.8311836951858198,1.2668290169176069,1.0,0.665138643058951,0.7891402717064956
1.7422687598917448,0.8863705704448225,0.0,0.6083818899903016,0.16515882084073066
1.647414434198418,1.049533517943058,0.0,0.5478338670618282,0.43275874837911577
1.0700598078840982,1.0104929789530337,0.0,0.1792931505850569,0.3687292271858743
1.5289686029501954,1.009376608865087,0.0,0.47222676265431646,0.3668982933910324
1.7221582254055945,1.1552690565301433,1.0,0.5955448043405858,0.6061732576042701
1.3993814123776538,1.2319407251708052,1.0,0.38950783414292317,0.7319207590258785
1.7078236429353604,1.2805014396156917,1.0,0.5863946615112124,0.8115641086093026
2.278869538677002,0.9980334107528478,0.0,0.9509083485344292,0.3482945660164604
0.9770802447249488,1.0461332804907706,0.0,0.11994183812893255,0.42718209442797733
0.9381157873428484,1.229864488957672,0.0,0.09506979521763158,0.7285155701107111
2.1035907966397565,0.9667907065516237,0.0,0.8390232951731595,0.29705410052755904
1.00589809143269,1.0044541888758363,0.0,0.13833703128913552,0.3588251416575406
2.1422077966570123,1.268847562577667,0.0,0.8636735468657732,0.7924508436264522
2.1750504346805837,1.2275357085824434,0.0,0.8846378706912564,0.7246961891224466
1.6321935946969925,1.3533334778596382,1.0,0.5381180029471803,0.9310143174673139
1.4503659504072268,1.3696390207143372,0.0,0.42205261220178397,0.9577566762766794
0.9433468306269369,1.135924915154042,0.0,0.09840890839343808,0.5744473608249602
0.7982926196016165,0.8401691154467318,0.0,0.005816971960004374,0.08938484029413184
1.2678785459746618,1.2966058754547967,1.0,0.305566079120901,0.8379766362675054
1.847799452108029,1.0542057968430951,0.0,0.6757449198285791,0.4404216492659888
1.121975297107588,1.0869957855316774,0.0,0.21243217939445072,0.4941997816887558
2.1804294544859997,1.3345661128704487,0.0,0.8880714411913939,0.9002343788342008
1.3870755097323377,0.9694139348005604,0.0,0.38165265126035086,0.30135639893596267
1.2119715138791094,1.003487967132477,0.0,0.2698791430065836,0.35724046282896194
1.62726337226312,0.9415448728015845,0.0,0.5349709116702498,0.25564896911909596
2.3393621734118737,1.329863734003961,0.0,0.989522396003099,0.8925221116606518
0.9774628402715142,0.8212378824600977,0.0,0.12018605897765451,0.05833614539671732
1.483883052439476,0.9839608588613923,0.0,0.44344746422894227,0.3252144861075437
2.224271877652148,0.8145098831764641,0.0,0.9160572185789881,0.04730170315119394
2.2711858080590757,1.0145255265754654,0.0,0.9460036202130814,0.3753429190080907
1.2536065717686389,1.2968289074308292,1.0,0.29645590080120365,0.8383424260594906
1.2491132750771945,1.371623816525866,0.0,0.293587710772869,0.9610118958193967
0.8942556251935443,1.3895082399587206,0.0,0.06707269456827807,0.9903437416096269
2.167443698588566,0.8461625306159114,0.0,0.8797822900106305,0.09921450744326976
1.2008482245949397,1.2456257501634125,0.0,0.2627788534868898,0.754365264672127
2.0406332663893165,1.3388241450645486,0.0,0.7988358397539084,0.9072178828960502
0.8495136671920211,1.1426863343535896,0.0,0.03851272032208924,0.5855366143325627
1.3280172300991724,1.3383386981067247,0.0,0.3439541905606649,0.9064217121187429
1.3073962729532869,1.273339670838065,1.0,0.3307912886376377,0.7998182506475231
1.708323828804987,0.8487056607935527,0.0,0.5867139433708565,0.10338543878333305
1.7451942853720444,1.375766956985089,0.0,0.6102493302210372,0.9678069684977779
1.2199705267976053,1.1899021644946752,0.0,0.2749851243527598,0.6629742490293485
1.6636214162388805,1.0859486201702349,0.0,0.5581792120212128,0.4924823490293233
1.3773039145446035,0.9442583694170114,0.0,0.3754151838053868,0.26009931467118114
1.8356610194889718,1.0370074632402924,0.0,0.6679966374897156,0.4122150441729988
1.01820054471286,0.9194909508828957,0.0,0.14619001235077417,0.2194788214362579
2.0951009689770554,1.3740978980634018,0.0,0.8336040138043587,0.9650695820178872
1.272302124290202,0.9080386577009936,0.0,0.30838976606735796,0.200696169660134
1.4968758904492696,0.9699502531854733,0.0,0.4517411361091934,0.302236002811357
0.9491933959164397,1.3709359646020687,0.0,0.10214092553249973,0.9598837651513276
1.6777648090570252,1.1526880791537972,1.0,0.5672073134428401,0.60194025391392
1.5557735003531339,1.103332069897692,0.0,0.48933703707443893,0.5209925589682864
1.62674509530038,0.9706768954447741,0.0,0.5346400817877546,0.3034277526474361
0.9778881701660684,0.9621619503518536,0.0,0.12045755829009386,0.2894625802550736
1.850587209553951,1.026307419225552,0.0,0.6775244190819968,0.3946661395539949
1.7967120505830172,1.1691063118830498,1.0,0.6431344812820726,0.6288674328845245
1.8061510495138233,0.9543155821639895,0.0,0.6491596437562862,0.2765939260005001
1.6130171327300191,1.3228094314505767,1.0,0.5258771604724022,0.8809525066672148
1.9821232218435245,1.3731797004834037,0.0,0.7614873319994133,0.9635636665533722
2.2574455641388633,1.390751657318419,0.0,0.9372328593875435,0.9923830428140801
1.0940538320992024,0.7885900010621618,0.0,0.19460917036278944,0.004791079986177968
0.9690705664277728,0.891371973714229,0.0,0.11482904878967706,0.17336151129836605
1.651388449552353,0.8744710007456,0.0,0.5503705860887085,0.14564260077928365
2.2612359890708467,1.0197900162411166,0.0,0.9396523877961096,0.383977091622986
1.392688421089606,1.2418658197911827,1.0,0.3852355209193914,0.7481986863491352
2.285557008124716,0.8309631529882266,0.0,0.9551771370213431,0.07428634566290615
1.4795915475811223,0.9346567779240053,0.0,0.44070808326068417,0.24435195764449227
2.150333397635741,0.8803903383873963,0.0,0.8688603327163031,0.15535077502047928
1.6300103147198732,0.9398420868908172,0.0,0.5367243576374102,0.2528562677532442
1.6102651016355274,1.2594044226526055,1.0,0.5241204662932891,0.7769633594983012
2.355776352008288,0.8982124614462539,0.0,1.0,0.18458044335055182
1.2018973878920516,1.0333436655356616,0.0,0.263448562147037,0.40620613090373403
1.6665753325983972,0.8223242714733445,0.0,0.5600647749004752,0.06011790789660415
1.5807422137248186,1.2651846676212455,1.0,0.5052752267001926,0.7864434109344821
1.1734343077048033,1.2964271381180397,0.0,0.24527982583274013,0.8376834931299368
1.8956247096477818,1.0481839212772244,0.0,0.70627304565638,0.4305453048521346
1.3815932249952811,1.210063962518398,1.0,0.3781531640252308,0.6960411663222598
1.9580434682201708,1.2179510549464192,0.0,0.7461165888747125,0.708976611498928
1.109913949220458,1.383286379389809,0.0,0.20473310227719466,0.9801394062324867
1.6307953073577244,1.1084005029625148,1.0,0.5372254391841703,0.5293051835051432
2.242772214481553,1.313381981722865,0.0,0.9278664725096192,0.8654907556833725
1.8864986059311608,1.2745114109564046,1.0,0.7004476124666688,0.8017399955998498
1.3818719458337798,1.0501129308298398,0.0,0.37833107890256196,0.43370903059021204
2.2944988938264452,0.9258039197097957,0.0,0.9608849789835804,0.2298325814444779
1.0188729097616764,0.9920906910245842,0.0,0.1466192007308979,0.33854804333439464
2.2071035702982837,1.0832446559763405,0.0,0.9050982342658669,0.4880476373901483
0.810190148826108,0.9029030524811973,0.0,0.013411479295449743,0.1922733775633064
1.7240689453548277,1.381163092881521,0.0,0.5967644673812582,0.9766570511728786
0.9445641674260181,0.8699209781005233,0.0,0.09918596664443179,0.13818020966175545
1.4610721990313476,1.2999972113754514,1.0,0.4288866936464935,0.8435386910142509
2.1010582447671284,1.2998419830966919,0.0,0.8374067003818244,0.8432841045607399
2.2430268438200485,0.9413685724020492,0.0,0.928029009145801,0.2553598227481581
1.8535441335599454,1.1175738498390315,0.0,0.6794119018214927,0.5443501860445028
1.7607693214351108,1.3781062302251303,0.0,0.620191287361793,0.9716435586006523
2.144004037825452,0.8403767697567709,0.0,0.8648201350751858,0.08972540951754636
2.2218662818855988,1.0175165946202755,0.0,0.9145216632253969,0.38024850329868
1.6099646255617603,1.2153382788444755,1.0,0.5239286644743323,0.704691455424742
2.0099410272729736,0.9860018876086961,0.0,0.779244172382293,0.3285619320397041
0.893388870280376,0.8662015132315157,0.0,0.06651942200034523,0.1320799979121562
1.7093162262515098,1.130064496258275,1.0,0.5873474168883479,0.5648358179109737
0.8891968861325948,1.260847173293778,0.0,0.06384356773180866,0.7793295827919683
1.714074089112672,0.917005860643333,0.0,0.5903844864948471,0.21540308010999565
1.0932980284756904,1.0120835201210967,0.0,0.19412672093529804,0.37133783844135
1.9638377024713634,1.1805827912619136,0.0,0.7498152017290005,0.647689751905287
1.1957817391884205,0.8932728765521645,0.0,0.2595447819533205,0.17647913983774097
1.1149406183774329,1.0249142701451104,0.0,0.20794175804640413,0.3923812666787954
1.0590509578502847,1.1756880103760574,0.0,0.17226591066330013,0.6396619304516108
2.328450230185691,1.0656795979985414,0.0,0.9825570142577351,0.459239575791988
0.9146870873972607,1.01998343756479,0.0,0.08011463686168989,0.3842943176414724
1.689911887824823,1.3780801032189474,0.0,0.5749611148469477,0.9716007082779009
1.1557563680450818,0.8036663585629436,0.0,0.23399552975007562,0.02951747918778352
1.1768936135360206,1.3495737194962591,0.0,0.2474879921683729,0.9248480212522191
2.2410882004381496,0.857621085493061,0.0,0.9267915218400893,0.11800742888674277
1.105248820182724,1.1061158222044734,0.0,0.2017552271209868,0.5255581293198979
1.7668576771095652,1.3095973615961283,1.0,0.6240776456936777,0.8592836842421926
2.1072203312862765,1.2306599321414364,0.0,0.8413401230604579,0.7298201588154388
2.195053427529337,1.2081322706826305,0.0,0.8974063096716794,0.6928730414311385
1.2130823636195913,1.0494903334071544,0.0,0.27058822775380165,0.4326879223805922
2.2700957849502394,0.9765874655040307,0.0,0.9453078296552553,0.31312154737117226
1.0737713663917712,0.935205653278084,0.0,0.1816623364706803,0.24525215592621719
0.9337817598555146,1.128084957332234,0.0,0.09230327093149475,0.561589220069428
1.1192886210165287,0.981968814185998,0.0,0.21071720304125016,0.3219473778641449
1.8318424520947254,1.328761516960531,1.0,0.6655591450037295,0.890714389959886
2.3548964646437445,0.8188594797713054,0.0,0.9994383446412861,0.0544353799537248
1.6572353870538645,1.3886059699752131,0.0,0.5541028408205322,0.9888639486424812
1.9736623050117408,1.0686058246588241,0.0,0.756086505178051,0.4640388151674658
1.1648485846799292,0.7920734292500731,0.0,0.23979933191991304,0.01050417321575633
2.1086294556500405,1.3823161373889667,0.0,0.8422396043826076,0.9785481338688707
1.1306170816542989,0.9684591690843418,0.0,0.21794845885827688,0.299790508883143
2.0356269474501696,0.9097110111051624,0.0,0.7956401740665601,0.2034389593475965
1.4318820805122439,0.9260911794123605,0.0,0.41025386955058735,0.2303037097047214
0.9993270765956307,1.3839803688977055,0.0,0.1341425788578997,0.9812776030159662
0.9126857062323084,0.8920183153817158,0.0,0.07883710237100222,0.17442156191669883
2.2903952371798977,1.2886723849861477,0.0,0.9582655064934268,0.8249650946945641
1.6182966409287365,0.9873970159876939,0.0,0.5292472100840615,0.33085005111852
0.8778297889961408,1.3049224266927246,0.0,0.056587649216575116,0.8516164273031684
1.3866250136586065,1.2482020503370872,1.0,0.38136508771064354,0.7585905973862221
1.5409757750140667,0.9085647092141997,0.0,0.4798912579118116,0.20155893506719402
1.423715106328078,1.0954508585836593,0.0,0.4050406740896036,0.5080667592760942
1.9661197787037605,0.9781732047483935,0.0,0.7512719112995313,0.3157222830982027
1.884885526348966,0.9337410183003466,0.0,0.6994179411384053,0.24285004061804064
1.2889870446324052,1.0742701149355733,0.0,0.3190401916758397,0.4733286918879808
2.20670465319121,1.3174068133085992,0.0,0.9048435949337212,0.8720917926051183
0.9742150526190976,0.9371282258896896,0.0,0.1181129102856158,0.2484053245802616
0.9852201876938131,1.0296268615300086,0.0,0.12513777885080032,0.4001102831770443
2.297329404777214,1.0595508535714662,0.0,0.9626917689290441,0.44918795813164664
1.921668943961896,1.1810277424763709,0.0,0.7228977687238748,0.6484195065130124
1.0926860216428427,0.9896229779912336,0.0,0.19373606079959216,0.33450080197822024
0.9358438034883969,1.18454759743826,0.0,0.09361952787866795,0.6541923424858201
1.8799771602851811,1.3667189730791747,0.0,0.6962848013601284,0.9529675709831104
1.3310947681192247,1.1052500881280776,0.0,0.3459186644129574,0.5241382580828112
1.642779965914464,0.9873423053767003,0.0,0.5448755634750696,0.3307603214601512
1.0495241340984514,1.0209223144075144,0.0,0.1661846872847641,0.38583414870564964
1.9838616487857357,1.0769933206254678,0.0,0.7625970158602925,0.47779496107753294
2.0450274475864045,1.3234227083721026,0.0,0.8016407617427415,0.8819583285298229
1.6926693880501538,1.1665839213583171,1.0,0.5767213001168151,0.6247305161887209
1.6408232194728904,1.072939754388888,0.0,0.5436265205079344,0.4711467970929214
1.167682943359641,1.2167530584070312,0.0,0.24160857797244994,0.7070118039734024
1.2068086563743234,0.8257906289205306,0.0,0.26658355461574007,0.06580300378333516
1.8007251765317642,0.8413752488324125,0.0,0.6456961656352479,0.09136299288060241
1.4985397864006214,0.8884482304321516,0.0,0.4528032448688799,0.1685663448563451
0.9905992238192672,1.2595310296211333,0.0,0.12857135976844944,0.7771710047763705
1.5240623613877027,1.083782710272686,0.0,0.4690949790013613,0.48893008829534135
2.2071351914840758,1.2597736425438244,0.0,0.905118418904452,0.7775689088442209
